{"cameraMode":{"drawMode":0,"name":"Shaded","section":"Shading Mode"},"sceneLighting":false,"audioPlay":false,"sceneViewState":{"m_AlwaysRefresh":false,"showFog":true,"showSkybox":false,"showFlares":true,"showImageEffects":true,"showParticleSystems":true,"showVisualEffectGraphs":true,"m_FxEnabled":true},"in2DMode":false,"pivot":{"x":0.03129708766937256,"y":0.5871199369430542,"z":0.6792344450950623},"rotation":{"x":-0.16029033064842225,"y":-0.2229667603969574,"z":0.03725247085094452,"w":-0.9608685374259949},"size":0.9457213878631592,"orthographic":false}